{
  "project_info": {
    "project_number": "247118477936",
    "firebase_url": "https://wallapop-26f39-default-rtdb.firebaseio.com",
    "project_id": "wallapop-26f39",
    "storage_bucket": "wallapop-26f39.appspot.com"
  },
  "client": [
    {
      "client_info": {
        "mobilesdk_app_id": "1:247118477936:android:bebbb0c8ef79039b8e12b5",
        "android_client_info": {
          "package_name": "com.example.wallapop"
        }
      },
      "oauth_client": [
        {
          "client_id": "247118477936-371b0jjun42cav6f5o472g557btpaeao.apps.googleusercontent.com",
          "client_type": 1,
          "android_info": {
            "package_name": "com.example.wallapop",
            "certificate_hash": "b03724f7e4358be7a44fd39292dac5f59b093657"
          }
        },
        {
          "client_id": "247118477936-uo5sv69edgcg186inl7q564qt5fkj6q3.apps.googleusercontent.com",
          "client_type": 3
        }
      ],
      "api_key": [
        {
          "current_key": "AIzaSyAbI5Mue1XEeBCOBlRXLhBjlVXwjqDiKzk"
        }
      ],
      "services": {
        "appinvite_service": {
          "other_platform_oauth_client": [
            {
              "client_id": "247118477936-uo5sv69edgcg186inl7q564qt5fkj6q3.apps.googleusercontent.com",
              "client_type": 3
            }
          ]
        }
      }
    }
  ],
  "configuration_version": "1"
}